{
  "environment": {
    "python": "3.12.3",
    "platform": "linux",
    "numpy": "2.4.3",
    "scipy": "1.17.1",
    "torch": "2.10.0+cu126",
    "cuda_available": true,
    "cuda_version": "12.6",
    "gpu_name": "NVIDIA GeForce RTX 4050 Laptop GPU",
    "gpu_vram_gb": 6.4,
    "compute_capability": "8.9",
    "cupy_available": true,
    "cupy_version": "14.0.1",
    "triton_available": true,
    "triton_version": "3.6.0"
  },
  "accuracy": [
    {
      "n": 64,
      "solvers": {
        "torch_fp64": {
          "max_err_mean": 3.504604014400078e-14,
          "max_err_min": 3.552713678800501e-15,
          "max_err_max": 9.237055564881302e-14,
          "pass": true
        },
        "torch_fp32": {
          "max_err_mean": 6.127073931389004e-05,
          "max_err_min": 2.3077055409381764e-06,
          "max_err_max": 0.00016571784611585372,
          "pass": false
        },
        "torch_fp16_refined": {
          "max_err_mean": 7.972141465491708e-12,
          "max_err_min": 3.1086244689504383e-15,
          "max_err_max": 2.3888446776254568e-11,
          "pass": true
        },
        "scipy_fp64": {
          "max_err_mean": 0.0,
          "max_err_min": 0.0,
          "max_err_max": 0.0,
          "pass": true
        }
      }
    },
    {
      "n": 128,
      "solvers": {
        "torch_fp64": {
          "max_err_mean": 1.268799879975783e-13,
          "max_err_min": 2.1815882433884326e-14,
          "max_err_max": 2.682298827494378e-13,
          "pass": true
        },
        "torch_fp32": {
          "max_err_mean": 8.911755041503729e-05,
          "max_err_min": 4.175693845365203e-06,
          "max_err_max": 0.0002496374036162763,
          "pass": false
        },
        "torch_fp16_refined": {
          "max_err_mean": 4.8102355432178e-12,
          "max_err_min": 1.4682699500667695e-14,
          "max_err_max": 1.432809426660242e-11,
          "pass": true
        },
        "scipy_fp64": {
          "max_err_mean": 0.0,
          "max_err_min": 0.0,
          "max_err_max": 0.0,
          "pass": true
        }
      }
    },
    {
      "n": 256,
      "solvers": {
        "torch_fp64": {
          "max_err_mean": 5.465257875888104e-13,
          "max_err_min": 2.8066438062523957e-13,
          "max_err_max": 1.0604850331219495e-12,
          "pass": true
        },
        "torch_fp32": {
          "max_err_mean": 0.0003763332355174083,
          "max_err_min": 0.00022852259508532313,
          "max_err_max": 0.0006242520883521507,
          "pass": false
        },
        "torch_fp16_refined": {
          "max_err_mean": 1.6505389647628968e-10,
          "max_err_min": 3.395328462829639e-11,
          "max_err_max": 4.0863357142484347e-10,
          "pass": true
        },
        "scipy_fp64": {
          "max_err_mean": 0.0,
          "max_err_min": 0.0,
          "max_err_max": 0.0,
          "pass": true
        }
      }
    },
    {
      "n": 512,
      "solvers": {
        "torch_fp64": {
          "max_err_mean": 7.325251516476783e-13,
          "max_err_min": 6.494804694057166e-13,
          "max_err_max": 8.695266728864226e-13,
          "pass": true
        },
        "torch_fp32": {
          "max_err_mean": 0.0002861480563010795,
          "max_err_min": 0.00014834686485443171,
          "max_err_max": 0.0005437645437360583,
          "pass": false
        },
        "torch_fp16_refined": {
          "max_err_mean": 3.8546943414985435e-11,
          "max_err_min": 1.2523315717771766e-12,
          "max_err_max": 5.909672751158723e-11,
          "pass": true
        },
        "scipy_fp64": {
          "max_err_mean": 0.0,
          "max_err_min": 0.0,
          "max_err_max": 0.0,
          "pass": true
        }
      }
    },
    {
      "n": 1024,
      "solvers": {
        "torch_fp64": {
          "max_err_mean": 1.342655616317264e-11,
          "max_err_min": 2.920996777788787e-13,
          "max_err_max": 3.871392095788906e-11,
          "pass": true
        },
        "torch_fp32": {
          "max_err_mean": 0.003205823564930821,
          "max_err_min": 0.00018919853312260315,
          "max_err_max": 0.008982422125473732,
          "pass": false
        },
        "torch_fp16_refined": {
          "max_err_mean": 1.0536904682112436e-11,
          "max_err_min": 2.384759056894836e-13,
          "max_err_max": 3.034372753063508e-11,
          "pass": true
        },
        "scipy_fp64": {
          "max_err_mean": 0.0,
          "max_err_min": 0.0,
          "max_err_max": 0.0,
          "pass": true
        }
      }
    }
  ],
  "speed": [
    {
      "n": 256,
      "scipy_cpu_fp64": {
        "mean": 0.0006,
        "min": 0.000543,
        "max": 0.000678,
        "runs": 5
      },
      "torch_gpu_fp64": {
        "mean": 0.002454,
        "min": 0.002258,
        "max": 0.003127,
        "runs": 5
      },
      "torch_gpu_fp32_refined": {
        "mean": 0.001269,
        "min": 0.001218,
        "max": 0.001324,
        "runs": 5
      },
      "torch_gpu_fp16_refined": {
        "mean": 0.004977,
        "min": 0.00429,
        "max": 0.006134,
        "runs": 5
      }
    },
    {
      "n": 512,
      "scipy_cpu_fp64": {
        "mean": 0.114827,
        "min": 0.003164,
        "max": 0.351908,
        "runs": 5
      },
      "torch_gpu_fp64": {
        "mean": 0.007318,
        "min": 0.007186,
        "max": 0.00772,
        "runs": 5
      },
      "torch_gpu_fp32_refined": {
        "mean": 0.004875,
        "min": 0.00471,
        "max": 0.005248,
        "runs": 5
      },
      "torch_gpu_fp16_refined": {
        "mean": 0.015399,
        "min": 0.014719,
        "max": 0.015832,
        "runs": 5
      }
    },
    {
      "n": 1024,
      "scipy_cpu_fp64": {
        "mean": 0.018206,
        "min": 0.017357,
        "max": 0.018949,
        "runs": 5
      },
      "torch_gpu_fp64": {
        "mean": 0.026207,
        "min": 0.025818,
        "max": 0.026337,
        "runs": 5
      },
      "torch_gpu_fp32_refined": {
        "mean": 0.009326,
        "min": 0.009125,
        "max": 0.009843,
        "runs": 5
      },
      "torch_gpu_fp16_refined": {
        "mean": 0.02888,
        "min": 0.028437,
        "max": 0.029374,
        "runs": 5
      }
    },
    {
      "n": 2048,
      "scipy_cpu_fp64": {
        "mean": 0.180115,
        "min": 0.129763,
        "max": 0.346646,
        "runs": 5
      },
      "torch_gpu_fp64": {
        "mean": 0.115253,
        "min": 0.109538,
        "max": 0.12131,
        "runs": 5
      },
      "torch_gpu_fp32_refined": {
        "mean": 0.017673,
        "min": 0.016958,
        "max": 0.018583,
        "runs": 5
      },
      "torch_gpu_fp16_refined": {
        "mean": 0.078641,
        "min": 0.077131,
        "max": 0.0802,
        "runs": 5
      }
    },
    {
      "n": 4096,
      "scipy_cpu_fp64": {
        "mean": 0.802482,
        "min": 0.646982,
        "max": 0.989701,
        "runs": 5
      },
      "torch_gpu_fp64": {
        "mean": 0.431104,
        "min": 0.34462,
        "max": 0.540868,
        "runs": 5
      },
      "torch_gpu_fp32_refined": {
        "mean": 0.027031,
        "min": 0.026754,
        "max": 0.027253,
        "runs": 5
      },
      "torch_gpu_fp16_refined": {
        "mean": 0.139814,
        "min": 0.13898,
        "max": 0.140655,
        "runs": 5
      }
    }
  ],
  "condition": [
    {
      "cond": 10.0,
      "fp64_err": 2.3425705819590803e-13,
      "fp32_refined_err": 9.354914348147503e-05,
      "fp16_refined_err": 2.113864638886298e-13,
      "fp64_pass": true,
      "fp32_pass": true,
      "fp16_pass": true
    },
    {
      "cond": 10000.0,
      "fp64_err": 4.440153134055436e-09,
      "fp32_refined_err": 1.4192618571612456,
      "fp16_refined_err": 7.79959918872919e-09,
      "fp64_pass": true,
      "fp32_pass": false,
      "fp16_pass": true
    },
    {
      "cond": 100000000.0,
      "fp64_err": 0.09524064138531685,