{
  "environment": {
    "python": "3.13.5",
    "platform": "win32",
    "numpy": "2.2.6",
    "scipy": "1.16.3",
    "torch": "2.10.0+cu128",
    "cuda_available": true,
    "cuda_version": "12.8",
    "gpu_name": "NVIDIA GeForce RTX 4050 Laptop GPU",
    "gpu_vram_gb": 6.4,
    "compute_capability": "8.9",
    "cupy_available": true,
    "cupy_version": "14.0.1",
    "triton_available": false,
    "triton_version": null
  },
  "accuracy": [
    {
      "n": 64,
      "solvers": {
        "torch_fp64": {
          "max_err_mean": 1.687353960259467e-13,
          "max_err_min": 2.1649348980190553e-15,
          "max_err_max": 4.973799150320701e-13,
          "pass": true
        },
        "torch_fp32": {
          "max_err_mean": 6.127073953791455e-05,
          "max_err_min": 2.3077055419928882e-06,
          "max_err_max": 0.00016571784680863288,
          "pass": false
        },
        "torch_fp16_refined": {
          "max_err_mean": 6.9788989402278885e-12,
          "max_err_min": 4.9960036108132044e-15,
          "max_err_max": 2.092193085445615e-11,
          "pass": true
        },
        "scipy_fp64": {
          "max_err_mean": 0.0,
          "max_err_min": 0.0,
          "max_err_max": 0.0,
          "pass": true
        }
      }
    },
    {
      "n": 128,
      "solvers": {
        "torch_fp64": {
          "max_err_mean": 1.2826776677835974e-13,
          "max_err_min": 1.2878587085651816e-14,
          "max_err_max": 3.019806626980426e-13,
          "pass": true
        },
        "torch_fp32": {
          "max_err_mean": 8.911755031970614e-05,
          "max_err_min": 4.175693854469031e-06,
          "max_err_max": 0.00024963740334627005,
          "pass": false
        },
        "torch_fp16_refined": {
          "max_err_mean": 4.6633067777671995e-12,
          "max_err_min": 1.9761969838327786e-14,
          "max_err_max": 1.3887557770431158e-11,
          "pass": true
        },
        "scipy_fp64": {
          "max_err_mean": 0.0,
          "max_err_min": 0.0,
          "max_err_max": 0.0,
          "pass": true
        }
      }
    },
    {
      "n": 256,
      "solvers": {
        "torch_fp64": {
          "max_err_mean": 6.365278674517564e-13,
          "max_err_min": 1.474376176702208e-13,
          "max_err_max": 1.3997691894473974e-12,
          "pass": true
        },
        "torch_fp32": {
          "max_err_mean": 0.000327181047802938,
          "max_err_min": 0.00013471021185651466,
          "max_err_max": 0.0005794293946070894,
          "pass": false
        },
        "torch_fp16_refined": {
          "max_err_mean": 2.053065865463092e-10,
          "max_err_min": 2.7567281790652487e-11,
          "max_err_max": 5.49043477349187e-10,
          "pass": true
        },
        "scipy_fp64": {
          "max_err_mean": 0.0,
          "max_err_min": 0.0,
          "max_err_max": 0.0,
          "pass": true
        }
      }
    },
    {
      "n": 512,
      "solvers": {
        "torch_fp64": {
          "max_err_mean": 9.237795713564385e-13,
          "max_err_min": 4.0678571622265736e-13,
          "max_err_max": 1.2863043963307064e-12,
          "pass": true
        },
        "torch_fp32": {
          "max_err_mean": 0.000441401158535637,
          "max_err_min": 0.00024301676885718493,
          "max_err_max": 0.000622832734828549,
          "pass": false
        },
        "torch_fp16_refined": {
          "max_err_mean": 1.4309590549525334e-11,
          "max_err_min": 3.526068326209497e-13,
          "max_err_max": 2.1393109506107066e-11,
          "pass": true
        },
        "scipy_fp64": {
          "max_err_mean": 0.0,
          "max_err_min": 0.0,
          "max_err_max": 0.0,
          "pass": true
        }
      }
    },
    {
      "n": 1024,
      "solvers": {
        "torch_fp64": {
          "max_err_mean": 1.1512642691021332e-11,
          "max_err_min": 3.40394379350073e-13,
          "max_err_max": 3.3580249692022335e-11,
          "pass": true
        },
        "torch_fp32": {
          "max_err_mean": 0.0023104266063134573,
          "max_err_min": 0.00015421072070165298,
          "max_err_max": 0.005663635487266561,
          "pass": false
        },
        "torch_fp16_refined": {
          "max_err_mean": 4.695651275217945e-12,
          "max_err_min": 4.312106227644108e-13,
          "max_err_max": 1.233857460647414e-11,
          "pass": true
        },
        "scipy_fp64": {
          "max_err_mean": 0.0,
          "max_err_min": 0.0,
          "max_err_max": 0.0,
          "pass": true
        }
      }
    }
  ],
  "speed": [
    {
      "n": 256,
      "scipy_cpu_fp64": {
        "mean": 0.002957,
        "min": 0.002385,
        "max": 0.003533,
        "runs": 5
      },
      "torch_gpu_fp64": {
        "mean": 0.002272,
        "min": 0.002195,
        "max": 0.002423,
        "runs": 5
      },
      "torch_gpu_fp32_refined": {
        "mean": 0.001393,
        "min": 0.001226,
        "max": 0.001961,
        "runs": 5
      },
      "torch_gpu_fp16_refined": {
        "mean": 0.00506,
        "min": 0.004737,
        "max": 0.005411,
        "runs": 5
      }
    },
    {
      "n": 512,
      "scipy_cpu_fp64": {
        "mean": 0.015786,
        "min": 0.012912,
        "max": 0.019645,
        "runs": 5
      },
      "torch_gpu_fp64": {
        "mean": 0.007734,
        "min": 0.007558,
        "max": 0.008249,
        "runs": 5
      },
      "torch_gpu_fp32_refined": {
        "mean": 0.004935,
        "min": 0.004842,
        "max": 0.00501,
        "runs": 5
      },
      "torch_gpu_fp16_refined": {
        "mean": 0.015641,
        "min": 0.015316,
        "max": 0.01593,
        "runs": 5
      }
    },
    {
      "n": 1024,
      "scipy_cpu_fp64": {
        "mean": 0.082508,
        "min": 0.072378,
        "max": 0.10049,
        "runs": 5
      },
      "torch_gpu_fp64": {
        "mean": 0.02728,
        "min": 0.026913,
        "max": 0.027718,
        "runs": 5
      },
      "torch_gpu_fp32_refined": {
        "mean": 0.009516,
        "min": 0.009336,
        "max": 0.009876,
        "runs": 5
      },
      "torch_gpu_fp16_refined": {
        "mean": 0.029703,
        "min": 0.028829,
        "max": 0.030427,
        "runs": 5
      }
    },
    {
      "n": 2048,
      "scipy_cpu_fp64": {
        "mean": 0.280392,
        "min": 0.26057,
        "max": 0.323535,
        "runs": 5
      },
      "torch_gpu_fp64": {
        "mean": 0.115124,
        "min": 0.107873,
        "max": 0.123013,
        "runs": 5
      },
      "torch_gpu_fp32_refined": {
        "mean": 0.017128,
        "min": 0.016843,
        "max": 0.01775,
        "runs": 5
      },
      "torch_gpu_fp16_refined": {
        "mean": 0.071556,
        "min": 0.069545,
        "max": 0.074171,
        "runs": 5
      }
    },
    {
      "n": 4096,
      "scipy_cpu_fp64": {
        "mean": 1.369405,
        "min": 1.18643,
        "max": 1.518744,
        "runs": 5
      },
      "torch_gpu_fp64": {
        "mean": 0.42711,
        "min": 0.34381,
        "max": 0.530332,
        "runs": 5
      },
      "torch_gpu_fp32_refined": {
        "mean": 0.026984,
        "min": 0.026369,
        "max": 0.027687,
        "runs": 5
      },
      "torch_gpu_fp16_refined": {
        "mean": 0.137706,
        "min": 0.136728,
        "max": 0.138915,
        "runs": 5
      }
    }
  ],
  "condition": [
    {
      "cond": 10.0,
      "fp64_err": 2.509104035652854e-13,
      "fp32_refined_err": 7.706965253762021e-05,
      "fp16_refined_err": 2.1938006966593093e-13,
      "fp64_pass": true,
      "fp32_pass": true,
      "fp16_pass": true
    },
    {
      "cond": 10000.0,